objid,ra,dec,ra_hms,dec_dms,method_a_score,method_b_score,combined_rank,method_a_anomaly,method_b_anomaly,both_anomaly,simbad_match,simbad_name,simbad_type,simbad_distance,ned_match,ned_name,ned_redshift,literature_match,literature_refs,sdss_spectroscopy,sdss_redshift,sdss_class,final_status,verification_notes
12376400000000002823,294.3566673136602,13.113178573498484,19:37:25.60,+13:06:47.44,-0.1437692473161588,-0.1046978598434829,7.5,True,True,True,False,,,,False,,,False,,False,,GALAXY,CONFIRMED_UNCATALOGED,Cross-matched against SIMBAD (5 arcsec radius): No match | Cross-matched against NED (5 arcsec radius): No match | SDSS DR19 photometric object: Confirmed | SDSS spectroscopic observation: None | Combined anomaly rank: 7.5 | Method A anomaly: True | Method B anomaly: True
12376400000000002711,287.92988918998753,17.897527666750285,19:11:43.17,+17:53:51.10,-0.1613104894962536,-0.0792132735533257,9.5,True,True,True,False,,,,False,,,False,,False,,GALAXY,CONFIRMED_UNCATALOGED,Cross-matched against SIMBAD (5 arcsec radius): No match | Cross-matched against NED (5 arcsec radius): No match | SDSS DR19 photometric object: Confirmed | SDSS spectroscopic observation: None | Combined anomaly rank: 9.5 | Method A anomaly: True | Method B anomaly: True
12376400000000006055,295.03243689758216,13.002510767864187,19:40:07.78,+13:00:09.04,-0.1372305842266089,-0.0973954441384914,10.0,True,True,True,False,,,,False,,,False,,False,,GALAXY,CONFIRMED_UNCATALOGED,Cross-matched against SIMBAD (5 arcsec radius): No match | Cross-matched against NED (5 arcsec radius): No match | SDSS DR19 photometric object: Confirmed | SDSS spectroscopic observation: None | Combined anomaly rank: 10.0 | Method A anomaly: True | Method B anomaly: True
12376400000000003127,298.3821201573336,16.77894195746701,19:53:31.71,+16:46:44.19,-0.1388999768736317,-0.0632583012999054,15.0,True,True,True,False,,,,False,,,False,,False,,GALAXY,CONFIRMED_UNCATALOGED,Cross-matched against SIMBAD (5 arcsec radius): No match | Cross-matched against NED (5 arcsec radius): No match | SDSS DR19 photometric object: Confirmed | SDSS spectroscopic observation: None | Combined anomaly rank: 15.0 | Method A anomaly: True | Method B anomaly: True
12376400000000001375,297.85737115636664,17.755705482833793,19:51:25.77,+17:45:20.54,-0.1000206490521329,-0.080655238344076,19.5,True,True,True,False,,,,False,,,False,,False,,GALAXY,CONFIRMED_UNCATALOGED,Cross-matched against SIMBAD (5 arcsec radius): No match | Cross-matched against NED (5 arcsec radius): No match | SDSS DR19 photometric object: Confirmed | SDSS spectroscopic observation: None | Combined anomaly rank: 19.5 | Method A anomaly: True | Method B anomaly: True
12376400000000005879,285.23922092164213,17.226541080750575,19:00:57.41,+17:13:35.55,-0.1248825155231408,-0.0445274472196199,24.0,True,True,True,False,,,,False,,,False,,False,,GALAXY,CONFIRMED_UNCATALOGED,Cross-matched against SIMBAD (5 arcsec radius): No match | Cross-matched against NED (5 arcsec radius): No match | SDSS DR19 photometric object: Confirmed | SDSS spectroscopic observation: None | Combined anomaly rank: 24.0 | Method A anomaly: True | Method B anomaly: True
12376400000000003431,293.8830141726602,13.052236250114229,19:35:31.92,+13:03:08.05,-0.0945921742741445,-0.0557796230456242,29.0,True,True,True,False,,,,False,,,False,,False,,GALAXY,CONFIRMED_UNCATALOGED,Cross-matched against SIMBAD (5 arcsec radius): No match | Cross-matched against NED (5 arcsec radius): No match | SDSS DR19 photometric object: Confirmed | SDSS spectroscopic observation: None | Combined anomaly rank: 29.0 | Method A anomaly: True | Method B anomaly: True
12376400000000006826,180.49769518595983,43.02995613271701,12:01:59.45,+43:01:47.84,-0.2044177830717216,-0.0114519579611911,33.0,True,True,True,False,,,,False,,,False,,False,,GALAXY,CONFIRMED_UNCATALOGED,Cross-matched against SIMBAD (5 arcsec radius): No match | Cross-matched against NED (5 arcsec radius): No match | SDSS DR19 photometric object: Confirmed | SDSS spectroscopic observation: None | Combined anomaly rank: 33.0 | Method A anomaly: True | Method B anomaly: True
12376400000000004901,185.5928499841725,6.141260436141531,12:22:22.28,+06:08:28.54,-0.1216495260595587,-0.0247782222582017,34.5,True,True,True,False,,,,False,,,False,,False,,GALAXY,CONFIRMED_UNCATALOGED,Cross-matched against SIMBAD (5 arcsec radius): No match | Cross-matched against NED (5 arcsec radius): No match | SDSS DR19 photometric object: Confirmed | SDSS spectroscopic observation: None | Combined anomaly rank: 34.5 | Method A anomaly: True | Method B anomaly: True
12376400000000005431,297.197938564976,20.75464287714412,19:48:47.51,+20:45:16.71,-0.0970942024803298,-0.0325124157239654,35.0,True,True,True,False,,,,False,,,False,,False,,GALAXY,CONFIRMED_UNCATALOGED,Cross-matched against SIMBAD (5 arcsec radius): No match | Cross-matched against NED (5 arcsec radius): No match | SDSS DR19 photometric object: Confirmed | SDSS spectroscopic observation: None | Combined anomaly rank: 35.0 | Method A anomaly: True | Method B anomaly: True
12376400000000002848,43.44516346836403,-4.237139329056936,02:53:46.84,-04:14:13.70,-0.167859195557118,-0.0076178867248943,37.5,True,True,True,False,,,,False,,,False,,False,,GALAXY,CONFIRMED_UNCATALOGED,Cross-matched against SIMBAD (5 arcsec radius): No match | Cross-matched against NED (5 arcsec radius): No match | SDSS DR19 photometric object: Confirmed | SDSS spectroscopic observation: None | Combined anomaly rank: 37.5 | Method A anomaly: True | Method B anomaly: True
12376400000000006695,297.6942528499486,21.495031817825705,19:50:46.62,+21:29:42.11,-0.0655723046027443,-0.043577307642629,39.5,True,True,True,False,,,,False,,,False,,False,,GALAXY,CONFIRMED_UNCATALOGED,Cross-matched against SIMBAD (5 arcsec radius): No match | Cross-matched against NED (5 arcsec radius): No match | SDSS DR19 photometric object: Confirmed | SDSS spectroscopic observation: None | Combined anomaly rank: 39.5 | Method A anomaly: True | Method B anomaly: True
12376400000000002551,288.38896872447106,-3.628021461028695,19:13:33.35,-03:37:40.88,-0.0138685447682607,-0.0742760872568665,48.5,True,True,True,False,,,,False,,,False,,False,,GALAXY,CONFIRMED_UNCATALOGED,Cross-matched against SIMBAD (5 arcsec radius): No match | Cross-matched against NED (5 arcsec radius): No match | SDSS DR19 photometric object: Confirmed | SDSS spectroscopic observation: None | Combined anomaly rank: 48.5 | Method A anomaly: True | Method B anomaly: True
12376400000000003848,48.854832140296224,1.900548637866553,03:15:25.16,+01:54:01.98,-0.0383440090751077,-0.0306099187977103,53.0,True,True,True,False,,,,False,,,False,,False,,GALAXY,CONFIRMED_UNCATALOGED,Cross-matched against SIMBAD (5 arcsec radius): No match | Cross-matched against NED (5 arcsec radius): No match | SDSS DR19 photometric object: Confirmed | SDSS spectroscopic observation: None | Combined anomaly rank: 53.0 | Method A anomaly: True | Method B anomaly: True
12376400000000003488,40.959506889190806,-11.826031902499782,02:43:50.28,-11:49:33.71,-0.0388547833837978,-0.0291657184651619,53.5,True,True,True,False,,,,False,,,False,,False,,GALAXY,CONFIRMED_UNCATALOGED,Cross-matched against SIMBAD (5 arcsec radius): No match | Cross-matched against NED (5 arcsec radius): No match | SDSS DR19 photometric object: Confirmed | SDSS spectroscopic observation: None | Combined anomaly rank: 53.5 | Method A anomaly: True | Method B anomaly: True
12376400000000006365,192.2083878402665,14.152845866527526,12:48:50.01,+14:09:10.25,-0.1486219621826265,0.0020904429476361,54.0,True,False,False,False,,,,False,,,False,,False,,GALAXY,CONFIRMED_UNCATALOGED,Cross-matched against SIMBAD (5 arcsec radius): No match | Cross-matched against NED (5 arcsec radius): No match | SDSS DR19 photometric object: Confirmed | SDSS spectroscopic observation: None | Combined anomaly rank: 54.0 | Method A anomaly: True | Method B anomaly: False
12376400000000001936,49.02954434486252,-5.950678444038678,03:16:07.09,-05:57:02.44,-0.1440362499921391,0.0038261581139232,56.0,True,False,False,False,,,,False,,,False,,False,,GALAXY,CONFIRMED_UNCATALOGED,Cross-matched against SIMBAD (5 arcsec radius): No match | Cross-matched against NED (5 arcsec radius): No match | SDSS DR19 photometric object: Confirmed | SDSS spectroscopic observation: None | Combined anomaly rank: 56.0 | Method A anomaly: True | Method B anomaly: False
12376400000000001091,118.11763466337835,19.24140284117649,07:52:28.23,+19:14:29.05,-0.1135976890483981,-0.0003691174745449,57.5,True,True,True,False,,,,False,,,False,,False,,GALAXY,CONFIRMED_UNCATALOGED,Cross-matched against SIMBAD (5 arcsec radius): No match | Cross-matched against NED (5 arcsec radius): No match | SDSS DR19 photometric object: Confirmed | SDSS spectroscopic observation: None | Combined anomaly rank: 57.5 | Method A anomaly: True | Method B anomaly: True
12376400000000003567,292.7500129137768,13.808191242445275,19:31:00.00,+13:48:29.49,-0.1085921873469213,0.0002740393939751,60.5,True,False,False,False,,,,False,,,False,,False,,GALAXY,CONFIRMED_UNCATALOGED,Cross-matched against SIMBAD (5 arcsec radius): No match | Cross-matched against NED (5 arcsec radius): No match | SDSS DR19 photometric object: Confirmed | SDSS spectroscopic observation: None | Combined anomaly rank: 60.5 | Method A anomaly: True | Method B anomaly: False
12376400000000006390,248.17549253732096,39.9705116083064,16:32:42.12,+39:58:13.84,-0.1385914944041839,0.0082261241863218,62.0,True,False,False,False,,,,False,,,False,,False,,GALAXY,CONFIRMED_UNCATALOGED,Cross-matched against SIMBAD (5 arcsec radius): No match | Cross-matched against NED (5 arcsec radius): No match | SDSS DR19 photometric object: Confirmed | SDSS spectroscopic observation: None | Combined anomaly rank: 62.0 | Method A anomaly: True | Method B anomaly: False
12376400000000005623,296.89630472367674,12.748306336277045,19:47:35.11,+12:44:53.90,-0.0163083865116129,-0.0260194008442384,62.5,True,True,True,False,,,,False,,,False,,False,,GALAXY,CONFIRMED_UNCATALOGED,Cross-matched against SIMBAD (5 arcsec radius): No match | Cross-matched against NED (5 arcsec radius): No match | SDSS DR19 photometric object: Confirmed | SDSS spectroscopic observation: None | Combined anomaly rank: 62.5 | Method A anomaly: True | Method B anomaly: True
12376400000000000250,77.32056343549964,-2.7336359253098266,05:09:16.94,-02:44:01.09,0.0181075860354719,-0.0753533608225334,63.5,False,True,False,False,,,,False,,,False,,False,,GALAXY,CONFIRMED_UNCATALOGED,Cross-matched against SIMBAD (5 arcsec radius): No match | Cross-matched against NED (5 arcsec radius): No match | SDSS DR19 photometric object: Confirmed | SDSS spectroscopic observation: None | Combined anomaly rank: 63.5 | Method A anomaly: False | Method B anomaly: True
12376400000000004481,124.69144177120484,20.61039991407059,08:18:45.95,+20:36:37.44,-0.119071079805613,0.0051270740279757,63.5,True,False,False,False,,,,False,,,False,,False,,GALAXY,CONFIRMED_UNCATALOGED,Cross-matched against SIMBAD (5 arcsec radius): No match | Cross-matched against NED (5 arcsec radius): No match | SDSS DR19 photometric object: Confirmed | SDSS spectroscopic observation: None | Combined anomaly rank: 63.5 | Method A anomaly: True | Method B anomaly: False
12376400000000006263,287.9758100646747,17.55337308556141,19:11:54.19,+17:33:12.14,-0.0261331479308328,-0.023823631500095,63.5,True,True,True,False,,,,False,,,False,,False,,GALAXY,CONFIRMED_UNCATALOGED,Cross-matched against SIMBAD (5 arcsec radius): No match | Cross-matched against NED (5 arcsec radius): No match | SDSS DR19 photometric object: Confirmed | SDSS spectroscopic observation: None | Combined anomaly rank: 63.5 | Method A anomaly: True | Method B anomaly: True
12376400000000003239,293.69274467906746,12.201372962905705,19:34:46.26,+12:12:04.94,-0.0578114564754836,-0.0073593749408165,64.0,True,True,True,False,,,,False,,,False,,False,,GALAXY,CONFIRMED_UNCATALOGED,Cross-matched against SIMBAD (5 arcsec radius): No match | Cross-matched against NED (5 arcsec radius): No match | SDSS DR19 photometric object: Confirmed | SDSS spectroscopic observation: None | Combined anomaly rank: 64.0 | Method A anomaly: True | Method B anomaly: True
12376400000000006817,129.68723151278004,23.7030527338532,08:38:44.94,+23:42:10.99,-0.157973032916784,0.0125889443026397,64.5,True,False,False,False,,,,False,,,False,,False,,GALAXY,CONFIRMED_UNCATALOGED,Cross-matched against SIMBAD (5 arcsec radius): No match | Cross-matched against NED (5 arcsec radius): No match | SDSS DR19 photometric object: Confirmed | SDSS spectroscopic observation: None | Combined anomaly rank: 64.5 | Method A anomaly: True | Method B anomaly: False
12376400000000001386,177.5391382102754,54.2642128723,11:50:09.39,+54:15:51.17,-0.1788056058555752,0.0143678887160083,65.0,True,False,False,False,,,,False,,,False,,False,,GALAXY,CONFIRMED_UNCATALOGED,Cross-matched against SIMBAD (5 arcsec radius): No match | Cross-matched against NED (5 arcsec radius): No match | SDSS DR19 photometric object: Confirmed | SDSS spectroscopic observation: None | Combined anomaly rank: 65.0 | Method A anomaly: True | Method B anomaly: False
12376400000000000191,194.9795093516684,-4.449107372586042,12:59:55.08,-04:26:56.79,-0.1184315207478277,0.0062384331624826,65.0,True,False,False,False,,,,False,,,False,,False,,GALAXY,CONFIRMED_UNCATALOGED,Cross-matched against SIMBAD (5 arcsec radius): No match | Cross-matched against NED (5 arcsec radius): No match | SDSS DR19 photometric object: Confirmed | SDSS spectroscopic observation: None | Combined anomaly rank: 65.0 | Method A anomaly: True | Method B anomaly: False
12376400000000002446,253.3708424389164,34.10487544579982,16:53:29.00,+34:06:17.55,-0.1253230575281877,0.0101153741261388,65.5,True,False,False,False,,,,False,,,False,,False,,GALAXY,CONFIRMED_UNCATALOGED,Cross-matched against SIMBAD (5 arcsec radius): No match | Cross-matched against NED (5 arcsec radius): No match | SDSS DR19 photometric object: Confirmed | SDSS spectroscopic observation: None | Combined anomaly rank: 65.5 | Method A anomaly: True | Method B anomaly: False
12376400000000002863,294.4508222069445,11.800969387571271,19:37:48.20,+11:48:03.49,-0.0596847809488666,-0.0024813216253818,69.0,True,True,True,False,,,,False,,,False,,False,,GALAXY,CONFIRMED_UNCATALOGED,Cross-matched against SIMBAD (5 arcsec radius): No match | Cross-matched against NED (5 arcsec radius): No match | SDSS DR19 photometric object: Confirmed | SDSS spectroscopic observation: None | Combined anomaly rank: 69.0 | Method A anomaly: True | Method B anomaly: True
12376400000000006607,297.91729004243274,22.246399894517587,19:51:40.15,+22:14:47.04,-0.0645717964481515,-0.0001174454545608,71.0,True,True,True,False,,,,False,,,False,,False,,GALAXY,CONFIRMED_UNCATALOGED,Cross-matched against SIMBAD (5 arcsec radius): No match | Cross-matched against NED (5 arcsec radius): No match | SDSS DR19 photometric object: Confirmed | SDSS spectroscopic observation: None | Combined anomaly rank: 71.0 | Method A anomaly: True | Method B anomaly: True
12376400000000003541,199.81478828133555,21.580720736993825,13:19:15.55,+21:34:50.59,0.0056280940566002,-0.0215421284679725,76.5,False,True,False,False,,,,False,,,False,,False,,GALAXY,CONFIRMED_UNCATALOGED,Cross-matched against SIMBAD (5 arcsec radius): No match | Cross-matched against NED (5 arcsec radius): No match | SDSS DR19 photometric object: Confirmed | SDSS spectroscopic observation: None | Combined anomaly rank: 76.5 | Method A anomaly: False | Method B anomaly: True
12376400000000003570,170.9709819656552,45.7513087256019,11:23:53.04,+45:45:04.71,0.0145125085323835,-0.0287846499829484,76.5,False,True,False,False,,,,False,,,False,,False,,GALAXY,CONFIRMED_UNCATALOGED,Cross-matched against SIMBAD (5 arcsec radius): No match | Cross-matched against NED (5 arcsec radius): No match | SDSS DR19 photometric object: Confirmed | SDSS spectroscopic observation: None | Combined anomaly rank: 76.5 | Method A anomaly: False | Method B anomaly: True
12376400000000002255,298.7757059478796,19.80422888596499,19:55:06.17,+19:48:15.22,0.0276208901698862,-0.0169677612932933,90.0,False,True,False,False,,,,False,,,False,,False,,GALAXY,CONFIRMED_UNCATALOGED,Cross-matched against SIMBAD (5 arcsec radius): No match | Cross-matched against NED (5 arcsec radius): No match | SDSS DR19 photometric object: Confirmed | SDSS spectroscopic observation: None | Combined anomaly rank: 90.0 | Method A anomaly: False | Method B anomaly: True
12376400000000000538,281.6687402621224,52.92120414825709,18:46:40.50,+52:55:16.33,-0.0126430978072125,0.0021285181512997,91.5,True,False,False,False,,,,False,,,False,,False,,GALAXY,CONFIRMED_UNCATALOGED,Cross-matched against SIMBAD (5 arcsec radius): No match | Cross-matched against NED (5 arcsec radius): No match | SDSS DR19 photometric object: Confirmed | SDSS spectroscopic observation: None | Combined anomaly rank: 91.5 | Method A anomaly: True | Method B anomaly: False
12376400000000003118,250.4613540249128,36.59097297996658,16:41:50.72,+36:35:27.50,-0.0470318671131216,0.013610233880803,93.0,True,False,False,False,,,,False,,,False,,False,,GALAXY,CONFIRMED_UNCATALOGED,Cross-matched against SIMBAD (5 arcsec radius): No match | Cross-matched against NED (5 arcsec radius): No match | SDSS DR19 photometric object: Confirmed | SDSS spectroscopic observation: None | Combined anomaly rank: 93.0 | Method A anomaly: True | Method B anomaly: False
12376400000000003768,41.69629510087869,-14.050361840312352,02:46:47.11,-14:03:01.30,-0.0009987733165089,0.0015784968108408,94.0,True,False,False,False,,,,False,,,False,,False,,GALAXY,CONFIRMED_UNCATALOGED,Cross-matched against SIMBAD (5 arcsec radius): No match | Cross-matched against NED (5 arcsec radius): No match | SDSS DR19 photometric object: Confirmed | SDSS spectroscopic observation: None | Combined anomaly rank: 94.0 | Method A anomaly: True | Method B anomaly: False
12376400000000003314,179.02295521846986,35.3554935637361,11:56:05.51,+35:21:19.78,-0.1742199438945224,0.0310865981878604,94.5,True,False,False,False,,,,False,,,False,,False,,GALAXY,CONFIRMED_UNCATALOGED,Cross-matched against SIMBAD (5 arcsec radius): No match | Cross-matched against NED (5 arcsec radius): No match | SDSS DR19 photometric object: Confirmed | SDSS spectroscopic observation: None | Combined anomaly rank: 94.5 | Method A anomaly: True | Method B anomaly: False
12376400000000002031,287.73449695057934,16.90161069088791,19:10:56.28,+16:54:05.80,-0.0237657038077339,0.0106253938223001,97.5,True,False,False,False,,,,False,,,False,,False,,GALAXY,CONFIRMED_UNCATALOGED,Cross-matched against SIMBAD (5 arcsec radius): No match | Cross-matched against NED (5 arcsec radius): No match | SDSS DR19 photometric object: Confirmed | SDSS spectroscopic observation: None | Combined anomaly rank: 97.5 | Method A anomaly: True | Method B anomaly: False
12376400000000004828,157.13628543098463,-12.27289331323236,10:28:32.71,-12:16:22.42,0.0334536652610085,-0.0078960170633082,98.0,False,True,False,False,,,,False,,,False,,False,,GALAXY,CONFIRMED_UNCATALOGED,Cross-matched against SIMBAD (5 arcsec radius): No match | Cross-matched against NED (5 arcsec radius): No match | SDSS DR19 photometric object: Confirmed | SDSS spectroscopic observation: None | Combined anomaly rank: 98.0 | Method A anomaly: False | Method B anomaly: True
12376400000000003407,285.3823498120183,21.19307200137963,19:01:31.76,+21:11:35.06,0.0579375762189331,-0.1123732803567747,98.0,False,True,False,False,,,,False,,,False,,False,,GALAXY,CONFIRMED_UNCATALOGED,Cross-matched against SIMBAD (5 arcsec radius): No match | Cross-matched against NED (5 arcsec radius): No match | SDSS DR19 photometric object: Confirmed | SDSS spectroscopic observation: None | Combined anomaly rank: 98.0 | Method A anomaly: False | Method B anomaly: True
12376400000000005143,289.9749518857479,14.93470731981073,19:19:53.99,+14:56:04.95,-0.0178594436303101,0.012072248943907,98.5,True,False,False,False,,,,False,,,False,,False,,GALAXY,CONFIRMED_UNCATALOGED,Cross-matched against SIMBAD (5 arcsec radius): No match | Cross-matched against NED (5 arcsec radius): No match | SDSS DR19 photometric object: Confirmed | SDSS spectroscopic observation: None | Combined anomaly rank: 98.5 | Method A anomaly: True | Method B anomaly: False
12376400000000005063,308.4210124242246,0.7474303676527825,20:33:41.04,+00:44:50.75,-0.0740955888496355,0.022313091568294,99.0,True,False,False,False,,,,False,,,False,,False,,GALAXY,CONFIRMED_UNCATALOGED,Cross-matched against SIMBAD (5 arcsec radius): No match | Cross-matched against NED (5 arcsec radius): No match | SDSS DR19 photometric object: Confirmed | SDSS spectroscopic observation: None | Combined anomaly rank: 99.0 | Method A anomaly: True | Method B anomaly: False
12376400000000004731,-6.980883814115342,-3.5370833342731327,00:-27:-55.41,-03:32:13.50,-0.0959260928355107,0.0260249364181038,100.0,True,False,False,False,,,,False,,,False,,False,,GALAXY,CONFIRMED_UNCATALOGED,Cross-matched against SIMBAD (5 arcsec radius): No match | Cross-matched against NED (5 arcsec radius): No match | SDSS DR19 photometric object: Confirmed | SDSS spectroscopic observation: None | Combined anomaly rank: 100.0 | Method A anomaly: True | Method B anomaly: False
12376400000000003988,156.26632444797323,14.588769107211204,10:25:03.92,+14:35:19.57,0.0447820755435336,-0.0268041432219472,100.5,False,True,False,False,,,,False,,,False,,False,,GALAXY,CONFIRMED_UNCATALOGED,Cross-matched against SIMBAD (5 arcsec radius): No match | Cross-matched against NED (5 arcsec radius): No match | SDSS DR19 photometric object: Confirmed | SDSS spectroscopic observation: None | Combined anomaly rank: 100.5 | Method A anomaly: False | Method B anomaly: True
12376400000000002359,285.9980153265753,16.28486558121291,19:03:59.52,+16:17:05.52,0.0413979368449013,-0.0208001470929072,101.5,False,True,False,False,,,,False,,,False,,False,,GALAXY,CONFIRMED_UNCATALOGED,Cross-matched against SIMBAD (5 arcsec radius): No match | Cross-matched against NED (5 arcsec radius): No match | SDSS DR19 photometric object: Confirmed | SDSS spectroscopic observation: None | Combined anomaly rank: 101.5 | Method A anomaly: False | Method B anomaly: True
12376400000000003240,40.02564587613573,-9.482649841988414,02:40:06.16,-09:28:57.54,-0.1146572774923244,0.0308361604548212,103.0,True,False,False,False,,,,False,,,False,,False,,GALAXY,CONFIRMED_UNCATALOGED,Cross-matched against SIMBAD (5 arcsec radius): No match | Cross-matched against NED (5 arcsec radius): No match | SDSS DR19 photometric object: Confirmed | SDSS spectroscopic observation: None | Combined anomaly rank: 103.0 | Method A anomaly: True | Method B anomaly: False
12376400000000002885,190.9676973786796,11.529162238856646,12:43:52.25,+11:31:44.98,-0.1753828104780482,0.0339750310369644,104.0,True,False,False,False,,,,False,,,False,,False,,GALAXY,CONFIRMED_UNCATALOGED,Cross-matched against SIMBAD (5 arcsec radius): No match | Cross-matched against NED (5 arcsec radius): No match | SDSS DR19 photometric object: Confirmed | SDSS spectroscopic observation: None | Combined anomaly rank: 104.0 | Method A anomaly: True | Method B anomaly: False
12376400000000002231,288.3722270997904,23.42261354841281,19:13:29.33,+23:25:21.41,0.0461051914108756,-0.0170969619640645,109.0,False,True,False,False,,,,False,,,False,,False,,GALAXY,CONFIRMED_UNCATALOGED,Cross-matched against SIMBAD (5 arcsec radius): No match | Cross-matched against NED (5 arcsec radius): No match | SDSS DR19 photometric object: Confirmed | SDSS spectroscopic observation: None | Combined anomaly rank: 109.0 | Method A anomaly: False | Method B anomaly: True
12376400000000001951,287.88055717894247,17.616070068370025,19:11:31.33,+17:36:57.85,-0.0626391788830341,0.0264933098898263,109.5,True,False,False,False,,,,False,,,False,,False,,GALAXY,CONFIRMED_UNCATALOGED,Cross-matched against SIMBAD (5 arcsec radius): No match | Cross-matched against NED (5 arcsec radius): No match | SDSS DR19 photometric object: Confirmed | SDSS spectroscopic observation: None | Combined anomaly rank: 109.5 | Method A anomaly: True | Method B anomaly: False
12376400000000001679,307.0097287492472,15.204538450489544,20:28:02.33,+15:12:16.34,0.0631081403503058,-0.0917701712243522,110.0,False,True,False,False,,,,False,,,False,,False,,GALAXY,CONFIRMED_UNCATALOGED,Cross-matched against SIMBAD (5 arcsec radius): No match | Cross-matched against NED (5 arcsec radius): No match | SDSS DR19 photometric object: Confirmed | SDSS spectroscopic observation: None | Combined anomaly rank: 110.0 | Method A anomaly: False | Method B anomaly: True
12376400000000002203,7.975162591136137,-9.390304859817531,00:31:54.04,-09:23:25.10,-0.0959273011560478,0.0317881336957008,112.0,True,False,False,False,,,,False,,,False,,False,,GALAXY,CONFIRMED_UNCATALOGED,Cross-matched against SIMBAD (5 arcsec radius): No match | Cross-matched against NED (5 arcsec radius): No match | SDSS DR19 photometric object: Confirmed | SDSS spectroscopic observation: None | Combined anomaly rank: 112.0 | Method A anomaly: True | Method B anomaly: False
12376400000000003578,182.5339956935364,40.53981128609936,12:10:08.16,+40:32:23.32,0.0585171910512731,-0.0384289981594461,114.0,False,True,False,False,,,,False,,,False,,False,,GALAXY,CONFIRMED_UNCATALOGED,Cross-matched against SIMBAD (5 arcsec radius): No match | Cross-matched against NED (5 arcsec radius): No match | SDSS DR19 photometric object: Confirmed | SDSS spectroscopic observation: None | Combined anomaly rank: 114.0 | Method A anomaly: False | Method B anomaly: True
12376400000000000308,282.4066479659726,38.88627728597668,18:49:37.60,+38:53:10.60,0.0602649179312344,-0.0385085504694118,115.0,False,True,False,False,,,,False,,,False,,False,,GALAXY,CONFIRMED_UNCATALOGED,Cross-matched against SIMBAD (5 arcsec radius): No match | Cross-matched against NED (5 arcsec radius): No match | SDSS DR19 photometric object: Confirmed | SDSS spectroscopic observation: None | Combined anomaly rank: 115.0 | Method A anomaly: False | Method B anomaly: True
12376400000000002032,40.558999419577496,-3.038193800936316,02:42:14.16,-03:02:17.50,-0.0505985724649643,0.0280976416964112,116.5,True,False,False,False,,,,False,,,False,,False,,GALAXY,CONFIRMED_UNCATALOGED,Cross-matched against SIMBAD (5 arcsec radius): No match | Cross-matched against NED (5 arcsec radius): No match | SDSS DR19 photometric object: Confirmed | SDSS spectroscopic observation: None | Combined anomaly rank: 116.5 | Method A anomaly: True | Method B anomaly: False
12376400000000003039,298.83904499374324,17.504852515370935,19:55:21.37,+17:30:17.47,0.0459190908842862,-0.0056493047311445,117.5,False,True,False,False,,,,False,,,False,,False,,GALAXY,CONFIRMED_UNCATALOGED,Cross-matched against SIMBAD (5 arcsec radius): No match | Cross-matched against NED (5 arcsec radius): No match | SDSS DR19 photometric object: Confirmed | SDSS spectroscopic observation: None | Combined anomaly rank: 117.5 | Method A anomaly: False | Method B anomaly: True
12376400000000002631,285.90078422367765,22.7856251761116,19:03:36.19,+22:47:08.25,0.0608584567508654,-0.0364685239961375,118.0,False,True,False,False,,,,False,,,False,,False,,GALAXY,CONFIRMED_UNCATALOGED,Cross-matched against SIMBAD (5 arcsec radius): No match | Cross-matched against NED (5 arcsec radius): No match | SDSS DR19 photometric object: Confirmed | SDSS spectroscopic observation: None | Combined anomaly rank: 118.0 | Method A anomaly: False | Method B anomaly: True
12376400000000005166,259.1209510616834,38.1187749678402,17:16:29.03,+38:07:07.59,-0.0303598930481268,0.0277409650340855,121.0,True,False,False,False,,,,False,,,False,,False,,GALAXY,CONFIRMED_UNCATALOGED,Cross-matched against SIMBAD (5 arcsec radius): No match | Cross-matched against NED (5 arcsec radius): No match | SDSS DR19 photometric object: Confirmed | SDSS spectroscopic observation: None | Combined anomaly rank: 121.0 | Method A anomaly: True | Method B anomaly: False
12376400000000001348,234.03588113112605,-12.70033099812728,15:36:08.61,-12:42:01.19,0.0617375364218776,-0.0287090552724715,126.0,False,True,False,False,,,,False,,,False,,False,,GALAXY,CONFIRMED_UNCATALOGED,Cross-matched against SIMBAD (5 arcsec radius): No match | Cross-matched against NED (5 arcsec radius): No match | SDSS DR19 photometric object: Confirmed | SDSS spectroscopic observation: None | Combined anomaly rank: 126.0 | Method A anomaly: False | Method B anomaly: True
12376400000000001338,218.9911592144199,67.58732033955954,14:35:57.88,+67:35:14.35,0.0483842485172728,-0.0012705553124566,127.0,False,True,False,False,,,,False,,,False,,False,,GALAXY,CONFIRMED_UNCATALOGED,Cross-matched against SIMBAD (5 arcsec radius): No match | Cross-matched against NED (5 arcsec radius): No match | SDSS DR19 photometric object: Confirmed | SDSS spectroscopic observation: None | Combined anomaly rank: 127.0 | Method A anomaly: False | Method B anomaly: True
12376400000000002135,292.9206702669583,14.322078071755737,19:31:40.96,+14:19:19.48,-0.0092943408053279,0.0273227519252167,127.0,True,False,False,False,,,,False,,,False,,False,,GALAXY,CONFIRMED_UNCATALOGED,Cross-matched against SIMBAD (5 arcsec radius): No match | Cross-matched against NED (5 arcsec radius): No match | SDSS DR19 photometric object: Confirmed | SDSS spectroscopic observation: None | Combined anomaly rank: 127.0 | Method A anomaly: True | Method B anomaly: False
12376400000000004118,254.3664651071576,39.98640100911448,16:57:27.95,+39:59:11.04,-0.0001197066386493,0.0249434362952036,129.5,True,False,False,False,,,,False,,,False,,False,,GALAXY,CONFIRMED_UNCATALOGED,Cross-matched against SIMBAD (5 arcsec radius): No match | Cross-matched against NED (5 arcsec radius): No match | SDSS DR19 photometric object: Confirmed | SDSS spectroscopic observation: None | Combined anomaly rank: 129.5 | Method A anomaly: True | Method B anomaly: False
12376400000000005767,297.9132374760745,17.240507260494862,19:51:39.18,+17:14:25.83,-0.0555477579798615,0.0374356274170522,136.5,True,False,False,False,,,,False,,,False,,False,,GALAXY,CONFIRMED_UNCATALOGED,Cross-matched against SIMBAD (5 arcsec radius): No match | Cross-matched against NED (5 arcsec radius): No match | SDSS DR19 photometric object: Confirmed | SDSS spectroscopic observation: None | Combined anomaly rank: 136.5 | Method A anomaly: True | Method B anomaly: False
12376400000000004098,186.24957109569004,44.7746810327558,12:24:59.90,+44:46:28.85,0.0639909439225171,-0.0077525124969541,143.5,False,True,False,False,,,,False,,,False,,False,,GALAXY,CONFIRMED_UNCATALOGED,Cross-matched against SIMBAD (5 arcsec radius): No match | Cross-matched against NED (5 arcsec radius): No match | SDSS DR19 photometric object: Confirmed | SDSS spectroscopic observation: None | Combined anomaly rank: 143.5 | Method A anomaly: False | Method B anomaly: True
12376400000000002402,185.26566842960864,45.48749885087789,12:21:03.76,+45:29:15.00,-0.0748220415497806,0.0474146664063038,145.5,True,False,False,False,,,,False,,,False,,False,,GALAXY,CONFIRMED_UNCATALOGED,Cross-matched against SIMBAD (5 arcsec radius): No match | Cross-matched against NED (5 arcsec radius): No match | SDSS DR19 photometric object: Confirmed | SDSS spectroscopic observation: None | Combined anomaly rank: 145.5 | Method A anomaly: True | Method B anomaly: False
12376400000000004730,183.78180341794,49.26728867018571,12:15:07.63,+49:16:02.24,-0.0069272314952752,0.0346112138625899,148.5,True,False,False,False,,,,False,,,False,,False,,GALAXY,CONFIRMED_UNCATALOGED,Cross-matched against SIMBAD (5 arcsec radius): No match | Cross-matched against NED (5 arcsec radius): No match | SDSS DR19 photometric object: Confirmed | SDSS spectroscopic observation: None | Combined anomaly rank: 148.5 | Method A anomaly: True | Method B anomaly: False
12376400000000003938,183.50352086036224,46.61134890736824,12:14:00.85,+46:36:40.86,-0.0030063610653304,0.0347959212985389,150.0,True,False,False,False,,,,False,,,False,,False,,GALAXY,CONFIRMED_UNCATALOGED,Cross-matched against SIMBAD (5 arcsec radius): No match | Cross-matched against NED (5 arcsec radius): No match | SDSS DR19 photometric object: Confirmed | SDSS spectroscopic observation: None | Combined anomaly rank: 150.0 | Method A anomaly: True | Method B anomaly: False
12376400000000003238,250.30945641925456,36.55802484598888,16:41:14.27,+36:33:28.89,-0.0570982506345559,0.0470141013917192,151.5,True,False,False,False,,,,False,,,False,,False,,GALAXY,CONFIRMED_UNCATALOGED,Cross-matched against SIMBAD (5 arcsec radius): No match | Cross-matched against NED (5 arcsec radius): No match | SDSS DR19 photometric object: Confirmed | SDSS spectroscopic observation: None | Combined anomaly rank: 151.5 | Method A anomaly: True | Method B anomaly: False
12376400000000004238,259.99724691398166,35.957956085956894,17:19:59.34,+35:57:28.64,0.0746655100835472,-0.040755224416791,152.5,False,True,False,False,,,,False,,,False,,False,,GALAXY,CONFIRMED_UNCATALOGED,Cross-matched against SIMBAD (5 arcsec radius): No match | Cross-matched against NED (5 arcsec radius): No match | SDSS DR19 photometric object: Confirmed | SDSS spectroscopic observation: None | Combined anomaly rank: 152.5 | Method A anomaly: False | Method B anomaly: True
12376400000000005504,53.493985888341896,-13.054759296071786,03:33:58.56,-13:03:17.13,-0.1352952480245501,0.0591576617718853,153.0,True,False,False,False,,,,False,,,False,,False,,GALAXY,CONFIRMED_UNCATALOGED,Cross-matched against SIMBAD (5 arcsec radius): No match | Cross-matched against NED (5 arcsec radius): No match | SDSS DR19 photometric object: Confirmed | SDSS spectroscopic observation: None | Combined anomaly rank: 153.0 | Method A anomaly: True | Method B anomaly: False
12376400000000004368,55.28685037827094,-8.716587641361457,03:41:08.84,-08:42:59.72,0.0745930589493493,-0.0345774543543855,153.5,False,True,False,False,,,,False,,,False,,False,,GALAXY,CONFIRMED_UNCATALOGED,Cross-matched against SIMBAD (5 arcsec radius): No match | Cross-matched against NED (5 arcsec radius): No match | SDSS DR19 photometric object: Confirmed | SDSS spectroscopic observation: None | Combined anomaly rank: 153.5 | Method A anomaly: False | Method B anomaly: True
12376400000000002081,122.8825409865848,38.73217408672853,08:11:31.81,+38:43:55.83,-0.1215269628700488,0.0615275501714677,157.5,True,False,False,False,,,,False,,,False,,False,,GALAXY,CONFIRMED_UNCATALOGED,Cross-matched against SIMBAD (5 arcsec radius): No match | Cross-matched against NED (5 arcsec radius): No match | SDSS DR19 photometric object: Confirmed | SDSS spectroscopic observation: None | Combined anomaly rank: 157.5 | Method A anomaly: True | Method B anomaly: False
12376400000000000688,246.82308965580563,-4.086048546966733,16:27:17.54,-04:05:09.77,0.0713553523622032,-0.016622829422303,157.5,False,True,False,False,,,,False,,,False,,False,,GALAXY,CONFIRMED_UNCATALOGED,Cross-matched against SIMBAD (5 arcsec radius): No match | Cross-matched against NED (5 arcsec radius): No match | SDSS DR19 photometric object: Confirmed | SDSS spectroscopic observation: None | Combined anomaly rank: 157.5 | Method A anomaly: False | Method B anomaly: True
12376400000000002655,313.87401336794176,24.742510934102096,20:55:29.76,+24:44:33.04,-0.0104718253317455,0.0428475647177041,159.5,True,False,False,False,,,,False,,,False,,False,,GALAXY,CONFIRMED_UNCATALOGED,Cross-matched against SIMBAD (5 arcsec radius): No match | Cross-matched against NED (5 arcsec radius): No match | SDSS DR19 photometric object: Confirmed | SDSS spectroscopic observation: None | Combined anomaly rank: 159.5 | Method A anomaly: True | Method B anomaly: False
12376400000000001418,187.47054404540648,45.24664790618415,12:29:52.93,+45:14:47.93,0.0721894833200241,-0.0145829497052196,161.0,False,True,False,False,,,,False,,,False,,False,,GALAXY,CONFIRMED_UNCATALOGED,Cross-matched against SIMBAD (5 arcsec radius): No match | Cross-matched against NED (5 arcsec radius): No match | SDSS DR19 photometric object: Confirmed | SDSS spectroscopic observation: None | Combined anomaly rank: 161.0 | Method A anomaly: False | Method B anomaly: True
12376400000000004539,8.582524529030444,-0.8900950707713626,00:34:19.81,-00:53:24.34,0.0809390715617178,-0.0730815481798141,161.5,False,True,False,False,,,,False,,,False,,False,,GALAXY,CONFIRMED_UNCATALOGED,Cross-matched against SIMBAD (5 arcsec radius): No match | Cross-matched against NED (5 arcsec radius): No match | SDSS DR19 photometric object: Confirmed | SDSS spectroscopic observation: None | Combined anomaly rank: 161.5 | Method A anomaly: False | Method B anomaly: True
12376400000000004558,257.97301395902025,48.69134804858275,17:11:53.52,+48:41:28.85,0.0840543646078033,-0.0997723381848605,166.5,False,True,False,False,,,,False,,,False,,False,,GALAXY,CONFIRMED_UNCATALOGED,Cross-matched against SIMBAD (5 arcsec radius): No match | Cross-matched against NED (5 arcsec radius): No match | SDSS DR19 photometric object: Confirmed | SDSS spectroscopic observation: None | Combined anomaly rank: 166.5 | Method A anomaly: False | Method B anomaly: True
12376400000000004338,171.96727583353777,45.20020849792657,11:27:52.15,+45:12:00.75,0.0729099175658274,-0.0070753869687634,167.5,False,True,False,False,,,,False,,,False,,False,,GALAXY,CONFIRMED_UNCATALOGED,Cross-matched against SIMBAD (5 arcsec radius): No match | Cross-matched against NED (5 arcsec radius): No match | SDSS DR19 photometric object: Confirmed | SDSS spectroscopic observation: None | Combined anomaly rank: 167.5 | Method A anomaly: False | Method B anomaly: True
12376400000000005377,117.36404333907656,23.27418689706129,07:49:27.37,+23:16:27.07,-0.077095874935536,0.0619701189700979,168.5,True,False,False,False,,,,False,,,False,,False,,GALAXY,CONFIRMED_UNCATALOGED,Cross-matched against SIMBAD (5 arcsec radius): No match | Cross-matched against NED (5 arcsec radius): No match | SDSS DR19 photometric object: Confirmed | SDSS spectroscopic observation: None | Combined anomaly rank: 168.5 | Method A anomaly: True | Method B anomaly: False
12376400000000005750,256.9670424083806,31.241287416838787,17:07:52.09,+31:14:28.63,-0.0705675867046536,0.0605987673598673,169.5,True,False,False,False,,,,False,,,False,,False,,GALAXY,CONFIRMED_UNCATALOGED,Cross-matched against SIMBAD (5 arcsec radius): No match | Cross-matched against NED (5 arcsec radius): No match | SDSS DR19 photometric object: Confirmed | SDSS spectroscopic observation: None | Combined anomaly rank: 169.5 | Method A anomaly: True | Method B anomaly: False
12376400000000005741,186.5642185666056,12.995526525374508,12:26:15.41,+12:59:43.90,-0.1643778307962169,0.0697150496989818,171.5,True,False,False,False,,,,False,,,False,,False,,GALAXY,CONFIRMED_UNCATALOGED,Cross-matched against SIMBAD (5 arcsec radius): No match | Cross-matched against NED (5 arcsec radius): No match | SDSS DR19 photometric object: Confirmed | SDSS spectroscopic observation: None | Combined anomaly rank: 171.5 | Method A anomaly: True | Method B anomaly: False
12376400000000003798,255.46575181149984,33.59544291235645,17:01:51.78,+33:35:43.59,-0.0026636556618988,0.0497138922870792,175.0,True,False,False,False,,,,False,,,False,,False,,GALAXY,CONFIRMED_UNCATALOGED,Cross-matched against SIMBAD (5 arcsec radius): No match | Cross-matched against NED (5 arcsec radius): No match | SDSS DR19 photometric object: Confirmed | SDSS spectroscopic observation: None | Combined anomaly rank: 175.0 | Method A anomaly: True | Method B anomaly: False
12376400000000001943,287.9894757100911,15.194779102897634,19:11:57.47,+15:11:41.20,0.0857657555541208,-0.0533538522050857,179.5,False,True,False,False,,,,False,,,False,,False,,GALAXY,CONFIRMED_UNCATALOGED,Cross-matched against SIMBAD (5 arcsec radius): No match | Cross-matched against NED (5 arcsec radius): No match | SDSS DR19 photometric object: Confirmed | SDSS spectroscopic observation: None | Combined anomaly rank: 179.5 | Method A anomaly: False | Method B anomaly: True
12376400000000003558,248.9665801440736,45.53396433469049,16:35:51.98,+45:32:02.27,0.0868160156457932,-0.0579043041098623,180.5,False,True,False,False,,,,False,,,False,,False,,GALAXY,CONFIRMED_UNCATALOGED,Cross-matched against SIMBAD (5 arcsec radius): No match | Cross-matched against NED (5 arcsec radius): No match | SDSS DR19 photometric object: Confirmed | SDSS spectroscopic observation: None | Combined anomaly rank: 180.5 | Method A anomaly: False | Method B anomaly: True
12376400000000003738,183.70210346061788,51.39148527044371,12:14:48.50,+51:23:29.35,0.0867164126562241,-0.0548157214487208,182.0,False,True,False,False,,,,False,,,False,,False,,GALAXY,CONFIRMED_UNCATALOGED,Cross-matched against SIMBAD (5 arcsec radius): No match | Cross-matched against NED (5 arcsec radius): No match | SDSS DR19 photometric object: Confirmed | SDSS spectroscopic observation: None | Combined anomaly rank: 182.0 | Method A anomaly: False | Method B anomaly: True
12376400000000003491,-9.247060444939894,9.479795631730456,00:-36:-59.29,+09:28:47.26,-0.1005046188808129,0.0700592458573551,184.0,True,False,False,False,,,,False,,,False,,False,,GALAXY,CONFIRMED_UNCATALOGED,Cross-matched against SIMBAD (5 arcsec radius): No match | Cross-matched against NED (5 arcsec radius): No match | SDSS DR19 photometric object: Confirmed | SDSS spectroscopic observation: None | Combined anomaly rank: 184.0 | Method A anomaly: True | Method B anomaly: False
12376400000000004668,146.8845961369212,16.368478561306052,09:47:32.30,+16:22:06.52,0.0817515614813696,-0.021546932364665,185.0,False,True,False,False,,,,False,,,False,,False,,GALAXY,CONFIRMED_UNCATALOGED,Cross-matched against SIMBAD (5 arcsec radius): No match | Cross-matched against NED (5 arcsec radius): No match | SDSS DR19 photometric object: Confirmed | SDSS spectroscopic observation: None | Combined anomaly rank: 185.0 | Method A anomaly: False | Method B anomaly: True
12376400000000001370,178.6599146488479,52.532700209301495,11:54:38.38,+52:31:57.72,-0.000441691950564,0.0585092894071068,189.0,True,False,False,False,,,,False,,,False,,False,,GALAXY,CONFIRMED_UNCATALOGED,Cross-matched against SIMBAD (5 arcsec radius): No match | Cross-matched against NED (5 arcsec radius): No match | SDSS DR19 photometric object: Confirmed | SDSS spectroscopic observation: None | Combined anomaly rank: 189.0 | Method A anomaly: True | Method B anomaly: False
12376400000000002701,192.93644745477064,19.179614413456,12:51:44.75,+19:10:46.61,-0.1057634357358114,0.0724950875513207,190.5,True,False,False,False,,,,False,,,False,,False,,GALAXY,CONFIRMED_UNCATALOGED,Cross-matched against SIMBAD (5 arcsec radius): No match | Cross-matched against NED (5 arcsec radius): No match | SDSS DR19 photometric object: Confirmed | SDSS spectroscopic observation: None | Combined anomaly rank: 190.5 | Method A anomaly: True | Method B anomaly: False
12376400000000001513,116.0688625353582,38.6939472706148,07:44:16.53,+38:41:38.21,-0.0921024862475594,0.0706606082940797,191.0,True,False,False,False,,,,False,,,False,,False,,GALAXY,CONFIRMED_UNCATALOGED,Cross-matched against SIMBAD (5 arcsec radius): No match | Cross-matched against NED (5 arcsec radius): No match | SDSS DR19 photometric object: Confirmed | SDSS spectroscopic observation: None | Combined anomaly rank: 191.0 | Method A anomaly: True | Method B anomaly: False
12376400000000003538,185.5181445096973,48.00157385598574,12:22:04.35,+48:00:05.67,0.0860170182906086,-0.0259453547921295,191.0,False,True,False,False,,,,False,,,False,,False,,GALAXY,CONFIRMED_UNCATALOGED,Cross-matched against SIMBAD (5 arcsec radius): No match | Cross-matched against NED (5 arcsec radius): No match | SDSS DR19 photometric object: Confirmed | SDSS spectroscopic observation: None | Combined anomaly rank: 191.0 | Method A anomaly: False | Method B anomaly: True
12376400000000006659,-6.173481228628999,1.3051948380694114,00:-24:-41.64,+01:18:18.70,-0.0993900628252513,0.0730920615973891,193.5,True,False,False,False,,,,False,,,False,,False,,GALAXY,CONFIRMED_UNCATALOGED,Cross-matched against SIMBAD (5 arcsec radius): No match | Cross-matched against NED (5 arcsec radius): No match | SDSS DR19 photometric object: Confirmed | SDSS spectroscopic observation: None | Combined anomaly rank: 193.5 | Method A anomaly: True | Method B anomaly: False
12376400000000006583,310.5860865442684,4.475121953369202,20:42:20.66,+04:28:30.44,-0.0250426726605865,0.0671972327565497,200.5,True,False,False,False,,,,False,,,False,,False,,GALAXY,CONFIRMED_UNCATALOGED,Cross-matched against SIMBAD (5 arcsec radius): No match | Cross-matched against NED (5 arcsec radius): No match | SDSS DR19 photometric object: Confirmed | SDSS spectroscopic observation: None | Combined anomaly rank: 200.5 | Method A anomaly: True | Method B anomaly: False
12376400000000004527,287.32419098484473,23.87342639644255,19:09:17.81,+23:52:24.34,-0.0081634755238425,0.0650248113554996,201.0,True,False,False,False,,,,False,,,False,,False,,GALAXY,CONFIRMED_UNCATALOGED,Cross-matched against SIMBAD (5 arcsec radius): No match | Cross-matched against NED (5 arcsec radius): No match | SDSS DR19 photometric object: Confirmed | SDSS spectroscopic observation: None | Combined anomaly rank: 201.0 | Method A anomaly: True | Method B anomaly: False
12376400000000006143,301.490723335586,14.504355074571698,20:05:57.77,+14:30:15.68,0.0947171351884289,-0.0533488725152367,203.0,False,True,False,False,,,,False,,,False,,False,,GALAXY,CONFIRMED_UNCATALOGED,Cross-matched against SIMBAD (5 arcsec radius): No match | Cross-matched against NED (5 arcsec radius): No match | SDSS DR19 photometric object: Confirmed | SDSS spectroscopic observation: None | Combined anomaly rank: 203.0 | Method A anomaly: False | Method B anomaly: True
12376400000000005702,243.974862408626,35.89153853404082,16:15:53.97,+35:53:29.54,-0.0926876053111532,0.0779062839109015,204.5,True,False,False,False,,,,False,,,False,,False,,GALAXY,CONFIRMED_UNCATALOGED,Cross-matched against SIMBAD (5 arcsec radius): No match | Cross-matched against NED (5 arcsec radius): No match | SDSS DR19 photometric object: Confirmed | SDSS spectroscopic observation: None | Combined anomaly rank: 204.5 | Method A anomaly: True | Method B anomaly: False
12376400000000001825,120.9581351858419,36.3381781122792,08:03:49.95,+36:20:17.44,-0.1117162612448616,0.082197038101775,207.5,True,False,False,False,,,,False,,,False,,False,,GALAXY,CONFIRMED_UNCATALOGED,Cross-matched against SIMBAD (5 arcsec radius): No match | Cross-matched against NED (5 arcsec radius): No match | SDSS DR19 photometric object: Confirmed | SDSS spectroscopic observation: None | Combined anomaly rank: 207.5 | Method A anomaly: True | Method B anomaly: False
12376400000000004021,197.86923772566672,11.005851982198012,13:11:28.62,+11:00:21.07,-0.0758032853436309,0.0848907642845458,223.0,True,False,False,False,,,,False,,,False,,False,,GALAXY,CONFIRMED_UNCATALOGED,Cross-matched against SIMBAD (5 arcsec radius): No match | Cross-matched against NED (5 arcsec radius): No match | SDSS DR19 photometric object: Confirmed | SDSS spectroscopic observation: None | Combined anomaly rank: 223.0 | Method A anomaly: True | Method B anomaly: False
12376400000000003808,41.15528920656444,-11.569368505312829,02:44:37.27,-11:34:09.73,0.0907626596649395,-0.001119968049581,224.0,False,True,False,False,,,,False,,,False,,False,,GALAXY,CONFIRMED_UNCATALOGED,Cross-matched against SIMBAD (5 arcsec radius): No match | Cross-matched against NED (5 arcsec radius): No match | SDSS DR19 photometric object: Confirmed | SDSS spectroscopic observation: None | Combined anomaly rank: 224.0 | Method A anomaly: False | Method B anomaly: True
12376400000000006803,0.6546443763199772,-5.20130478504182,00:02:37.11,-05:12:04.70,-0.12862818554139,0.0887567662048103,225.0,True,False,False,False,,,,False,,,False,,False,,GALAXY,CONFIRMED_UNCATALOGED,Cross-matched against SIMBAD (5 arcsec radius): No match | Cross-matched against NED (5 arcsec radius): No match | SDSS DR19 photometric object: Confirmed | SDSS spectroscopic observation: None | Combined anomaly rank: 225.0 | Method A anomaly: True | Method B anomaly: False
12376400000000004478,249.6161781680688,43.05211837745215,16:38:27.88,+43:03:07.63,0.096081181807564,-0.0090681339706907,226.0,False,True,False,False,,,,False,,,False,,False,,GALAXY,CONFIRMED_UNCATALOGED,Cross-matched against SIMBAD (5 arcsec radius): No match | Cross-matched against NED (5 arcsec radius): No match | SDSS DR19 photometric object: Confirmed | SDSS spectroscopic observation: None | Combined anomaly rank: 226.0 | Method A anomaly: False | Method B anomaly: True
12376400000000000918,270.21757784022606,60.64754446514539,18:00:52.22,+60:38:51.16,0.1000214477713461,-0.025344316602385,229.0,False,True,False,False,,,,False,,,False,,False,,GALAXY,CONFIRMED_UNCATALOGED,Cross-matched against SIMBAD (5 arcsec radius): No match | Cross-matched against NED (5 arcsec radius): No match | SDSS DR19 photometric object: Confirmed | SDSS spectroscopic observation: None | Combined anomaly rank: 229.0 | Method A anomaly: False | Method B anomaly: True
12376400000000004960,58.595365451479616,-6.097507543567808,03:54:22.89,-06:05:51.03,-0.0083923214045665,0.0775984484124149,229.0,True,False,False,False,,,,False,,,False,,False,,GALAXY,CONFIRMED_UNCATALOGED,Cross-matched against SIMBAD (5 arcsec radius): No match | Cross-matched against NED (5 arcsec radius): No match | SDSS DR19 photometric object: Confirmed | SDSS spectroscopic observation: None | Combined anomaly rank: 229.0 | Method A anomaly: True | Method B anomaly: False
12376400000000003658,182.117430924754,44.78496654331052,12:08:28.18,+44:47:05.88,0.0954936231426806,-0.0026299199793007,232.0,False,True,False,False,,,,False,,,False,,False,,GALAXY,CONFIRMED_UNCATALOGED,Cross-matched against SIMBAD (5 arcsec radius): No match | Cross-matched against NED (5 arcsec radius): No match | SDSS DR19 photometric object: Confirmed | SDSS spectroscopic observation: None | Combined anomaly rank: 232.0 | Method A anomaly: False | Method B anomaly: True
12376400000000004528,53.18324296371159,-3.207758148428514,03:32:43.98,-03:12:27.93,0.1016278047186486,-0.0247151659246123,232.5,False,True,False,False,,,,False,,,False,,False,,GALAXY,CONFIRMED_UNCATALOGED,Cross-matched against SIMBAD (5 arcsec radius): No match | Cross-matched against NED (5 arcsec radius): No match | SDSS DR19 photometric object: Confirmed | SDSS spectroscopic observation: None | Combined anomaly rank: 232.5 | Method A anomaly: False | Method B anomaly: True
12376400000000002422,253.24645410085745,31.971238911190333,16:52:59.15,+31:58:16.46,-0.0642836726639225,0.0865529110411903,233.0,True,False,False,False,,,,False,,,False,,False,,GALAXY,CONFIRMED_UNCATALOGED,Cross-matched against SIMBAD (5 arcsec radius): No match | Cross-matched against NED (5 arcsec radius): No match | SDSS DR19 photometric object: Confirmed | SDSS spectroscopic observation: None | Combined anomaly rank: 233.0 | Method A anomaly: True | Method B anomaly: False
12376400000000006180,152.18095527297254,11.803050198013242,10:08:43.43,+11:48:10.98,-0.0902465902702868,0.0887665826161863,236.5,True,False,False,False,,,,False,,,False,,False,,GALAXY,CONFIRMED_UNCATALOGED,Cross-matched against SIMBAD (5 arcsec radius): No match | Cross-matched against NED (5 arcsec radius): No match | SDSS DR19 photometric object: Confirmed | SDSS spectroscopic observation: None | Combined anomaly rank: 236.5 | Method A anomaly: True | Method B anomaly: False
12376400000000004598,253.15759025228888,37.93132782275645,16:52:37.82,+37:55:52.78,0.0969064852359371,-0.0018897406477816,238.0,False,True,False,False,,,,False,,,False,,False,,GALAXY,CONFIRMED_UNCATALOGED,Cross-matched against SIMBAD (5 arcsec radius): No match | Cross-matched against NED (5 arcsec radius): No match | SDSS DR19 photometric object: Confirmed | SDSS spectroscopic observation: None | Combined anomaly rank: 238.0 | Method A anomaly: False | Method B anomaly: True
12376400000000000010,277.67543157602853,-27.92480506405985,18:30:42.10,-27:55:29.30,0.0987502028487392,-0.0030776722209739,240.5,False,True,False,False,,,,False,,,False,,False,,GALAXY,CONFIRMED_UNCATALOGED,Cross-matched against SIMBAD (5 arcsec radius): No match | Cross-matched against NED (5 arcsec radius): No match | SDSS DR19 photometric object: Confirmed | SDSS spectroscopic observation: None | Combined anomaly rank: 240.5 | Method A anomaly: False | Method B anomaly: True
12376400000000000928,211.19577332129444,40.31154850227861,14:04:46.99,+40:18:41.57,0.0994573833079375,-0.0034211308013003,242.5,False,True,False,False,,,,False,,,False,,False,,GALAXY,CONFIRMED_UNCATALOGED,Cross-matched against SIMBAD (5 arcsec radius): No match | Cross-matched against NED (5 arcsec radius): No match | SDSS DR19 photometric object: Confirmed | SDSS spectroscopic observation: None | Combined anomaly rank: 242.5 | Method A anomaly: False | Method B anomaly: True
12376400000000001801,113.74479670884796,32.070729650434295,07:34:58.75,+32:04:14.63,-0.0591252961462783,0.0889356894525986,245.5,True,False,False,False,,,,False,,,False,,False,,GALAXY,CONFIRMED_UNCATALOGED,Cross-matched against SIMBAD (5 arcsec radius): No match | Cross-matched against NED (5 arcsec radius): No match | SDSS DR19 photometric object: Confirmed | SDSS spectroscopic observation: None | Combined anomaly rank: 245.5 | Method A anomaly: True | Method B anomaly: False
12376400000000004088,41.46667706922358,-2.408394174088324,02:45:52.00,-02:24:30.22,0.1111692634944627,-0.064575654230366,252.5,False,True,False,False,,,,False,,,False,,False,,GALAXY,CONFIRMED_UNCATALOGED,Cross-matched against SIMBAD (5 arcsec radius): No match | Cross-matched against NED (5 arcsec radius): No match | SDSS DR19 photometric object: Confirmed | SDSS spectroscopic observation: None | Combined anomaly rank: 252.5 | Method A anomaly: False | Method B anomaly: True
12376400000000004348,164.8938342669743,-6.622771033370228,10:59:34.52,-06:37:21.98,0.1122778908783337,-0.056795368838255,255.5,False,True,False,False,,,,False,,,False,,False,,GALAXY,CONFIRMED_UNCATALOGED,Cross-matched against SIMBAD (5 arcsec radius): No match | Cross-matched against NED (5 arcsec radius): No match | SDSS DR19 photometric object: Confirmed | SDSS spectroscopic observation: None | Combined anomaly rank: 255.5 | Method A anomaly: False | Method B anomaly: True
12376400000000005874,174.07400145511124,41.82293534010351,11:36:17.76,+41:49:22.57,-0.0331411998827888,0.0897039869589613,255.5,True,False,False,False,,,,False,,,False,,False,,GALAXY,CONFIRMED_UNCATALOGED,Cross-matched against SIMBAD (5 arcsec radius): No match | Cross-matched against NED (5 arcsec radius): No match | SDSS DR19 photometric object: Confirmed | SDSS spectroscopic observation: None | Combined anomaly rank: 255.5 | Method A anomaly: True | Method B anomaly: False
12376400000000006823,302.04234915467043,12.566021086028265,20:08:10.16,+12:33:57.68,0.1034301379268231,-0.0001512191773807,259.5,False,True,False,False,,,,False,,,False,,False,,GALAXY,CONFIRMED_UNCATALOGED,Cross-matched against SIMBAD (5 arcsec radius): No match | Cross-matched against NED (5 arcsec radius): No match | SDSS DR19 photometric object: Confirmed | SDSS spectroscopic observation: None | Combined anomaly rank: 259.5 | Method A anomaly: False | Method B anomaly: True
12376400000000000778,330.20563232024,43.95812913604772,22:00:49.35,+43:57:29.26,0.1045924400079035,-0.0003673112577193,263.5,False,True,False,False,,,,False,,,False,,False,,GALAXY,CONFIRMED_UNCATALOGED,Cross-matched against SIMBAD (5 arcsec radius): No match | Cross-matched against NED (5 arcsec radius): No match | SDSS DR19 photometric object: Confirmed | SDSS spectroscopic observation: None | Combined anomaly rank: 263.5 | Method A anomaly: False | Method B anomaly: True
12376400000000001845,190.5436279556288,10.872189388036285,12:42:10.47,+10:52:19.88,-0.0664715051727337,0.0989304102785498,266.5,True,False,False,False,,,,False,,,False,,False,,GALAXY,CONFIRMED_UNCATALOGED,Cross-matched against SIMBAD (5 arcsec radius): No match | Cross-matched against NED (5 arcsec radius): No match | SDSS DR19 photometric object: Confirmed | SDSS spectroscopic observation: None | Combined anomaly rank: 266.5 | Method A anomaly: True | Method B anomaly: False
12376400000000004438,251.19597937407764,49.40753890235585,16:44:47.04,+49:24:27.14,0.1162398989954761,-0.0803389410982899,266.5,False,True,False,False,,,,False,,,False,,False,,GALAXY,CONFIRMED_UNCATALOGED,Cross-matched against SIMBAD (5 arcsec radius): No match | Cross-matched against NED (5 arcsec radius): No match | SDSS DR19 photometric object: Confirmed | SDSS spectroscopic observation: None | Combined anomaly rank: 266.5 | Method A anomaly: False | Method B anomaly: True
12376400000000001138,59.10654549913619,-28.20792262077072,03:56:25.57,-28:12:28.52,0.1123544265772624,-0.0193502814660057,274.5,False,True,False,False,,,,False,,,False,,False,,GALAXY,CONFIRMED_UNCATALOGED,Cross-matched against SIMBAD (5 arcsec radius): No match | Cross-matched against NED (5 arcsec radius): No match | SDSS DR19 photometric object: Confirmed | SDSS spectroscopic observation: None | Combined anomaly rank: 274.5 | Method A anomaly: False | Method B anomaly: True
12376400000000000608,255.6968847259849,-1.374775922192569,17:02:47.25,-01:22:29.19,0.1205318297243339,-0.1426400457367054,279.0,False,True,False,False,,,,False,,,False,,False,,GALAXY,CONFIRMED_UNCATALOGED,Cross-matched against SIMBAD (5 arcsec radius): No match | Cross-matched against NED (5 arcsec radius): No match | SDSS DR19 photometric object: Confirmed | SDSS spectroscopic observation: None | Combined anomaly rank: 279.0 | Method A anomaly: False | Method B anomaly: True
12376400000000001394,178.2400719692021,53.58876925632213,11:52:57.62,+53:35:19.57,-0.1138510498448766,0.1089312860461452,281.5,True,False,False,False,,,,False,,,False,,False,,GALAXY,CONFIRMED_UNCATALOGED,Cross-matched against SIMBAD (5 arcsec radius): No match | Cross-matched against NED (5 arcsec radius): No match | SDSS DR19 photometric object: Confirmed | SDSS spectroscopic observation: None | Combined anomaly rank: 281.5 | Method A anomaly: True | Method B anomaly: False
12376400000000004588,146.88586580064052,11.056574378349708,09:47:32.61,+11:03:23.67,0.1163705985549388,-0.0336923182075852,283.0,False,True,False,False,,,,False,,,False,,False,,GALAXY,CONFIRMED_UNCATALOGED,Cross-matched against SIMBAD (5 arcsec radius): No match | Cross-matched against NED (5 arcsec radius): No match | SDSS DR19 photometric object: Confirmed | SDSS spectroscopic observation: None | Combined anomaly rank: 283.0 | Method A anomaly: False | Method B anomaly: True
12376400000000000368,149.4573518324432,-29.99239819522497,09:57:49.76,-29:59:32.63,0.1160143582177463,-0.0253897174005425,284.0,False,True,False,False,,,,False,,,False,,False,,GALAXY,CONFIRMED_UNCATALOGED,Cross-matched against SIMBAD (5 arcsec radius): No match | Cross-matched against NED (5 arcsec radius): No match | SDSS DR19 photometric object: Confirmed | SDSS spectroscopic observation: None | Combined anomaly rank: 284.0 | Method A anomaly: False | Method B anomaly: True
12376400000000001385,120.3708890480179,25.058377996230625,08:01:29.01,+25:03:30.16,-0.000236489614664,0.1006658298404737,293.0,True,False,False,False,,,,False,,,False,,False,,GALAXY,CONFIRMED_UNCATALOGED,Cross-matched against SIMBAD (5 arcsec radius): No match | Cross-matched against NED (5 arcsec radius): No match | SDSS DR19 photometric object: Confirmed | SDSS spectroscopic observation: None | Combined anomaly rank: 293.0 | Method A anomaly: True | Method B anomaly: False
12376400000000003678,247.77629006926807,30.19032066359046,16:31:06.31,+30:11:25.15,0.1224443793779289,-0.0487074650586701,297.0,False,True,False,False,,,,False,,,False,,False,,GALAXY,CONFIRMED_UNCATALOGED,Cross-matched against SIMBAD (5 arcsec radius): No match | Cross-matched against NED (5 arcsec radius): No match | SDSS DR19 photometric object: Confirmed | SDSS spectroscopic observation: None | Combined anomaly rank: 297.0 | Method A anomaly: False | Method B anomaly: True
12376400000000006555,-6.983415424463884,5.261409546019564,00:-27:-56.02,+05:15:41.07,-0.0276668653486444,0.1135227608988374,318.5,True,False,False,False,,,,False,,,False,,False,,GALAXY,CONFIRMED_UNCATALOGED,Cross-matched against SIMBAD (5 arcsec radius): No match | Cross-matched against NED (5 arcsec radius): No match | SDSS DR19 photometric object: Confirmed | SDSS spectroscopic observation: None | Combined anomaly rank: 318.5 | Method A anomaly: True | Method B anomaly: False
12376400000000003968,59.806693950570974,-13.538838889018216,03:59:13.61,-13:32:19.82,0.1300103248359962,-0.0771729111767928,318.5,False,True,False,False,,,,False,,,False,,False,,GALAXY,CONFIRMED_UNCATALOGED,Cross-matched against SIMBAD (5 arcsec radius): No match | Cross-matched against NED (5 arcsec radius): No match | SDSS DR19 photometric object: Confirmed | SDSS spectroscopic observation: None | Combined anomaly rank: 318.5 | Method A anomaly: False | Method B anomaly: True
12376400000000003291,-5.283253890885198,8.740632391798236,00:-21:-7.98,+08:44:26.28,-0.0525429978595548,0.1170927638682848,321.0,True,False,False,False,,,,False,,,False,,False,,GALAXY,CONFIRMED_UNCATALOGED,Cross-matched against SIMBAD (5 arcsec radius): No match | Cross-matched against NED (5 arcsec radius): No match | SDSS DR19 photometric object: Confirmed | SDSS spectroscopic observation: None | Combined anomaly rank: 321.0 | Method A anomaly: True | Method B anomaly: False
12376400000000002600,49.44655910107099,3.706979483838172,03:17:47.17,+03:42:25.13,-0.0139427845016433,0.1169013654934229,331.0,True,False,False,False,,,,False,,,False,,False,,GALAXY,CONFIRMED_UNCATALOGED,Cross-matched against SIMBAD (5 arcsec radius): No match | Cross-matched against NED (5 arcsec radius): No match | SDSS DR19 photometric object: Confirmed | SDSS spectroscopic observation: None | Combined anomaly rank: 331.0 | Method A anomaly: True | Method B anomaly: False
12376400000000005655,302.13737209568103,10.184243988626337,20:08:32.97,+10:11:03.28,0.132501731643702,-0.0630292149477503,333.5,False,True,False,False,,,,False,,,False,,False,,GALAXY,CONFIRMED_UNCATALOGED,Cross-matched against SIMBAD (5 arcsec radius): No match | Cross-matched against NED (5 arcsec radius): No match | SDSS DR19 photometric object: Confirmed | SDSS spectroscopic observation: None | Combined anomaly rank: 333.5 | Method A anomaly: False | Method B anomaly: True
12376400000000001578,184.11815703810203,44.47737834030373,12:16:28.36,+44:28:38.56,-0.0308876479262377,0.1191096568439379,335.0,True,False,False,False,,,,False,,,False,,False,,GALAXY,CONFIRMED_UNCATALOGED,Cross-matched against SIMBAD (5 arcsec radius): No match | Cross-matched against NED (5 arcsec radius): No match | SDSS DR19 photometric object: Confirmed | SDSS spectroscopic observation: None | Combined anomaly rank: 335.0 | Method A anomaly: True | Method B anomaly: False
12376400000000001847,302.2605348528681,8.888707862849373,20:09:02.53,+08:53:19.35,-0.0724158781625753,0.1233396548021576,337.5,True,False,False,False,,,,False,,,False,,False,,GALAXY,CONFIRMED_UNCATALOGED,Cross-matched against SIMBAD (5 arcsec radius): No match | Cross-matched against NED (5 arcsec radius): No match | SDSS DR19 photometric object: Confirmed | SDSS spectroscopic observation: None | Combined anomaly rank: 337.5 | Method A anomaly: True | Method B anomaly: False
12376400000000002758,254.4316417119536,35.27834975654422,16:57:43.59,+35:16:42.06,-0.0303589724580549,0.1208610093848725,339.5,True,False,False,False,,,,False,,,False,,False,,GALAXY,CONFIRMED_UNCATALOGED,Cross-matched against SIMBAD (5 arcsec radius): No match | Cross-matched against NED (5 arcsec radius): No match | SDSS DR19 photometric object: Confirmed | SDSS spectroscopic observation: None | Combined anomaly rank: 339.5 | Method A anomaly: True | Method B anomaly: False
12376400000000000518,5.512226753874656,-3.646162877822519,00:22:02.93,-03:38:46.19,0.1381697692007414,-0.119320926292589,352.5,False,True,False,False,,,,False,,,False,,False,,GALAXY,CONFIRMED_UNCATALOGED,Cross-matched against SIMBAD (5 arcsec radius): No match | Cross-matched against NED (5 arcsec radius): No match | SDSS DR19 photometric object: Confirmed | SDSS spectroscopic observation: None | Combined anomaly rank: 352.5 | Method A anomaly: False | Method B anomaly: True
12376400000000004691,4.367794235598133,2.302862809891192,00:17:28.27,+02:18:10.31,-0.0807844229270523,0.1275626685885412,353.0,True,False,False,False,,,,False,,,False,,False,,GALAXY,CONFIRMED_UNCATALOGED,Cross-matched against SIMBAD (5 arcsec radius): No match | Cross-matched against NED (5 arcsec radius): No match | SDSS DR19 photometric object: Confirmed | SDSS spectroscopic observation: None | Combined anomaly rank: 353.0 | Method A anomaly: True | Method B anomaly: False
12376400000000004898,188.91681967331908,47.45322315076153,12:35:40.04,+47:27:11.60,0.1361306728271867,-0.0514484548947101,354.0,False,True,False,False,,,,False,,,False,,False,,GALAXY,CONFIRMED_UNCATALOGED,Cross-matched against SIMBAD (5 arcsec radius): No match | Cross-matched against NED (5 arcsec radius): No match | SDSS DR19 photometric object: Confirmed | SDSS spectroscopic observation: None | Combined anomaly rank: 354.0 | Method A anomaly: False | Method B anomaly: True
12376400000000002463,309.19067818509353,0.6860418188977615,20:36:45.76,+00:41:09.75,0.1366856291725081,-0.0306906441373033,362.5,False,True,False,False,,,,False,,,False,,False,,GALAXY,CONFIRMED_UNCATALOGED,Cross-matched against SIMBAD (5 arcsec radius): No match | Cross-matched against NED (5 arcsec radius): No match | SDSS DR19 photometric object: Confirmed | SDSS spectroscopic observation: None | Combined anomaly rank: 362.5 | Method A anomaly: False | Method B anomaly: True
12376400000000004071,286.0938264005622,19.257309877311325,19:04:22.52,+19:15:26.32,-0.0598231442700193,0.1283697532487111,365.0,True,False,False,False,,,,False,,,False,,False,,GALAXY,CONFIRMED_UNCATALOGED,Cross-matched against SIMBAD (5 arcsec radius): No match | Cross-matched against NED (5 arcsec radius): No match | SDSS DR19 photometric object: Confirmed | SDSS spectroscopic observation: None | Combined anomaly rank: 365.0 | Method A anomaly: True | Method B anomaly: False
12376400000000004818,182.28349881292007,37.74084160550305,12:09:08.04,+37:44:27.03,0.1386803919656043,-0.0058721049299877,391.0,False,True,False,False,,,,False,,,False,,False,,GALAXY,CONFIRMED_UNCATALOGED,Cross-matched against SIMBAD (5 arcsec radius): No match | Cross-matched against NED (5 arcsec radius): No match | SDSS DR19 photometric object: Confirmed | SDSS spectroscopic observation: None | Combined anomaly rank: 391.0 | Method A anomaly: False | Method B anomaly: True
12376400000000003748,148.49186653094984,13.587994743657546,09:53:58.05,+13:35:16.78,0.1433719637263522,-0.0246074593428683,395.0,False,True,False,False,,,,False,,,False,,False,,GALAXY,CONFIRMED_UNCATALOGED,Cross-matched against SIMBAD (5 arcsec radius): No match | Cross-matched against NED (5 arcsec radius): No match | SDSS DR19 photometric object: Confirmed | SDSS spectroscopic observation: None | Combined anomaly rank: 395.0 | Method A anomaly: False | Method B anomaly: True
12376400000000004328,57.93988341142239,-0.3710598681528623,03:51:45.57,-00:22:15.82,0.1394000869275701,-0.000685714487684,399.0,False,True,False,False,,,,False,,,False,,False,,GALAXY,CONFIRMED_UNCATALOGED,Cross-matched against SIMBAD (5 arcsec radius): No match | Cross-matched against NED (5 arcsec radius): No match | SDSS DR19 photometric object: Confirmed | SDSS spectroscopic observation: None | Combined anomaly rank: 399.0 | Method A anomaly: False | Method B anomaly: True
12376400000000004808,50.403648420204505,-4.853898728652533,03:21:36.88,-04:51:14.04,0.1493437467940286,-0.0458532666422579,407.5,False,True,False,False,,,,False,,,False,,False,,GALAXY,CONFIRMED_UNCATALOGED,Cross-matched against SIMBAD (5 arcsec radius): No match | Cross-matched against NED (5 arcsec radius): No match | SDSS DR19 photometric object: Confirmed | SDSS spectroscopic observation: None | Combined anomaly rank: 407.5 | Method A anomaly: False | Method B anomaly: True
12376400000000003481,115.54627414192706,38.878343081454645,07:42:11.11,+38:52:42.04,-0.0253454730343223,0.134304329506003,409.5,True,False,False,False,,,,False,,,False,,False,,GALAXY,CONFIRMED_UNCATALOGED,Cross-matched against SIMBAD (5 arcsec radius): No match | Cross-matched against NED (5 arcsec radius): No match | SDSS DR19 photometric object: Confirmed | SDSS spectroscopic observation: None | Combined anomaly rank: 409.5 | Method A anomaly: True | Method B anomaly: False
12376400000000003418,185.82485117796767,36.42603182802381,12:23:17.96,+36:25:33.71,0.1469001480805127,-0.022973345396719,410.0,False,True,False,False,,,,False,,,False,,False,,GALAXY,CONFIRMED_UNCATALOGED,Cross-matched against SIMBAD (5 arcsec radius): No match | Cross-matched against NED (5 arcsec radius): No match | SDSS DR19 photometric object: Confirmed | SDSS spectroscopic observation: None | Combined anomaly rank: 410.0 | Method A anomaly: False | Method B anomaly: True
12376400000000006057,120.91595132026322,27.70117754136808,08:03:39.83,+27:42:04.24,-0.0294417926345292,0.1349784990774785,412.0,True,False,False,False,,,,False,,,False,,False,,GALAXY,CONFIRMED_UNCATALOGED,Cross-matched against SIMBAD (5 arcsec radius): No match | Cross-matched against NED (5 arcsec radius): No match | SDSS DR19 photometric object: Confirmed | SDSS spectroscopic observation: None | Combined anomaly rank: 412.0 | Method A anomaly: True | Method B anomaly: False
12376400000000004018,185.3462147716908,43.82689322218837,12:21:23.09,+43:49:36.82,0.1533958978922624,-0.0807517356379937,413.5,False,True,False,False,,,,False,,,False,,False,,GALAXY,CONFIRMED_UNCATALOGED,Cross-matched against SIMBAD (5 arcsec radius): No match | Cross-matched against NED (5 arcsec radius): No match | SDSS DR19 photometric object: Confirmed | SDSS spectroscopic observation: None | Combined anomaly rank: 413.5 | Method A anomaly: False | Method B anomaly: True
12376400000000005887,301.74536649202435,13.925523455074831,20:06:58.89,+13:55:31.88,0.1542580194216508,-0.0568285988282735,423.0,False,True,False,False,,,,False,,,False,,False,,GALAXY,CONFIRMED_UNCATALOGED,Cross-matched against SIMBAD (5 arcsec radius): No match | Cross-matched against NED (5 arcsec radius): No match | SDSS DR19 photometric object: Confirmed | SDSS spectroscopic observation: None | Combined anomaly rank: 423.0 | Method A anomaly: False | Method B anomaly: True
12376400000000000618,16.136300315772203,-11.981447820311814,01:04:32.71,-11:58:53.21,0.1522938574447968,-0.0150740451176414,434.5,False,True,False,False,,,,False,,,False,,False,,GALAXY,CONFIRMED_UNCATALOGED,Cross-matched against SIMBAD (5 arcsec radius): No match | Cross-matched against NED (5 arcsec radius): No match | SDSS DR19 photometric object: Confirmed | SDSS spectroscopic observation: None | Combined anomaly rank: 434.5 | Method A anomaly: False | Method B anomaly: True
12376400000000001918,249.08308142971592,36.376039326587694,16:36:19.94,+36:22:33.74,0.1502785602524384,-0.005052647033708,437.0,False,True,False,False,,,,False,,,False,,False,,GALAXY,CONFIRMED_UNCATALOGED,Cross-matched against SIMBAD (5 arcsec radius): No match | Cross-matched against NED (5 arcsec radius): No match | SDSS DR19 photometric object: Confirmed | SDSS spectroscopic observation: None | Combined anomaly rank: 437.0 | Method A anomaly: False | Method B anomaly: True
12376400000000004809,129.86902045807216,20.87673986236573,08:39:28.56,+20:52:36.26,0.1509185649985248,-0.0036125957010451,439.5,False,True,False,False,,,,False,,,False,,False,,GALAXY,CONFIRMED_UNCATALOGED,Cross-matched against SIMBAD (5 arcsec radius): No match | Cross-matched against NED (5 arcsec radius): No match | SDSS DR19 photometric object: Confirmed | SDSS spectroscopic observation: None | Combined anomaly rank: 439.5 | Method A anomaly: False | Method B anomaly: True
12376400000000000601,49.89854322996269,68.83836502156281,03:19:35.65,+68:50:18.11,-0.0415136052507614,0.1421070368553183,439.5,True,False,False,False,,,,False,,,False,,False,,GALAXY,CONFIRMED_UNCATALOGED,Cross-matched against SIMBAD (5 arcsec radius): No match | Cross-matched against NED (5 arcsec radius): No match | SDSS DR19 photometric object: Confirmed | SDSS spectroscopic observation: None | Combined anomaly rank: 439.5 | Method A anomaly: True | Method B anomaly: False
12376400000000004198,243.8560259957249,44.71841830143168,16:15:25.45,+44:43:06.31,0.1532693832429383,-0.0010491142054749,452.5,False,True,False,False,,,,False,,,False,,False,,GALAXY,CONFIRMED_UNCATALOGED,Cross-matched against SIMBAD (5 arcsec radius): No match | Cross-matched against NED (5 arcsec radius): No match | SDSS DR19 photometric object: Confirmed | SDSS spectroscopic observation: None | Combined anomaly rank: 452.5 | Method A anomaly: False | Method B anomaly: True
12376400000000005775,306.135600107194,7.997441509949837,20:24:32.54,+07:59:50.79,0.156577472965603,-0.013422938274244,453.0,False,True,False,False,,,,False,,,False,,False,,GALAXY,CONFIRMED_UNCATALOGED,Cross-matched against SIMBAD (5 arcsec radius): No match | Cross-matched against NED (5 arcsec radius): No match | SDSS DR19 photometric object: Confirmed | SDSS spectroscopic observation: None | Combined anomaly rank: 453.0 | Method A anomaly: False | Method B anomaly: True
12376400000000006791,305.5417127020651,8.297387064651945,20:22:10.01,+08:17:50.59,0.1552784593345278,-0.0031478599978799,456.5,False,True,False,False,,,,False,,,False,,False,,GALAXY,CONFIRMED_UNCATALOGED,Cross-matched against SIMBAD (5 arcsec radius): No match | Cross-matched against NED (5 arcsec radius): No match | SDSS DR19 photometric object: Confirmed | SDSS spectroscopic observation: None | Combined anomaly rank: 456.5 | Method A anomaly: False | Method B anomaly: True
12376400000000006235,-1.820229773607388,-9.133252083314092,00:-7:-16.86,-09:07:59.71,-0.0620041719331037,0.1500976602462669,472.0,True,False,False,False,,,,False,,,False,,False,,GALAXY,CONFIRMED_UNCATALOGED,Cross-matched against SIMBAD (5 arcsec radius): No match | Cross-matched against NED (5 arcsec radius): No match | SDSS DR19 photometric object: Confirmed | SDSS spectroscopic observation: None | Combined anomaly rank: 472.0 | Method A anomaly: True | Method B anomaly: False
12376400000000003342,249.84118001881984,48.991356336292775,16:39:21.88,+48:59:28.88,-0.0139140551397293,0.1514468590009527,494.5,True,False,False,False,,,,False,,,False,,False,,GALAXY,CONFIRMED_UNCATALOGED,Cross-matched against SIMBAD (5 arcsec radius): No match | Cross-matched against NED (5 arcsec radius): No match | SDSS DR19 photometric object: Confirmed | SDSS spectroscopic observation: None | Combined anomaly rank: 494.5 | Method A anomaly: True | Method B anomaly: False
12376400000000001429,207.73240625753496,21.24289992051004,13:50:55.78,+21:14:34.44,-0.0054732249252003,0.1523305380723187,504.5,True,False,False,False,,,,False,,,False,,False,,GALAXY,CONFIRMED_UNCATALOGED,Cross-matched against SIMBAD (5 arcsec radius): No match | Cross-matched against NED (5 arcsec radius): No match | SDSS DR19 photometric object: Confirmed | SDSS spectroscopic observation: None | Combined anomaly rank: 504.5 | Method A anomaly: True | Method B anomaly: False
12376400000000000221,196.76546431140488,66.43073486393018,13:07:03.71,+66:25:50.65,-0.0371735797530579,0.1557499936446263,518.0,True,False,False,False,,,,False,,,False,,False,,GALAXY,CONFIRMED_UNCATALOGED,Cross-matched against SIMBAD (5 arcsec radius): No match | Cross-matched against NED (5 arcsec radius): No match | SDSS DR19 photometric object: Confirmed | SDSS spectroscopic observation: None | Combined anomaly rank: 518.0 | Method A anomaly: True | Method B anomaly: False
12376400000000001327,205.87821882077,30.92144305596576,13:43:30.77,+30:55:17.20,0.1728142680427177,-0.0305603843469067,520.5,False,True,False,False,,,,False,,,False,,False,,GALAXY,CONFIRMED_UNCATALOGED,Cross-matched against SIMBAD (5 arcsec radius): No match | Cross-matched against NED (5 arcsec radius): No match | SDSS DR19 photometric object: Confirmed | SDSS spectroscopic observation: None | Combined anomaly rank: 520.5 | Method A anomaly: False | Method B anomaly: True
12376400000000004611,1.182369959225376,8.299579620089425,00:04:43.77,+08:17:58.49,-0.0467241304001746,0.156203933594718,521.0,True,False,False,False,,,,False,,,False,,False,,GALAXY,CONFIRMED_UNCATALOGED,Cross-matched against SIMBAD (5 arcsec radius): No match | Cross-matched against NED (5 arcsec radius): No match | SDSS DR19 photometric object: Confirmed | SDSS spectroscopic observation: None | Combined anomaly rank: 521.0 | Method A anomaly: True | Method B anomaly: False
12376400000000005903,304.62096104406027,6.938202216162026,20:18:29.03,+06:56:17.53,0.1770230226103301,-0.0082708153375382,556.5,False,True,False,False,,,,False,,,False,,False,,GALAXY,CONFIRMED_UNCATALOGED,Cross-matched against SIMBAD (5 arcsec radius): No match | Cross-matched against NED (5 arcsec radius): No match | SDSS DR19 photometric object: Confirmed | SDSS spectroscopic observation: None | Combined anomaly rank: 556.5 | Method A anomaly: False | Method B anomaly: True
12376400000000005435,-0.6887166388262234,3.074647853504633,00:-2:-45.29,+03:04:28.73,-0.0710103971926625,0.1730745234950789,658.5,True,False,False,False,,,,False,,,False,,False,,GALAXY,CONFIRMED_UNCATALOGED,Cross-matched against SIMBAD (5 arcsec radius): No match | Cross-matched against NED (5 arcsec radius): No match | SDSS DR19 photometric object: Confirmed | SDSS spectroscopic observation: None | Combined anomaly rank: 658.5 | Method A anomaly: True | Method B anomaly: False
12376400000000001439,309.0069054724722,8.386384837212859,20:36:01.66,+08:23:10.99,0.1976217287829722,-0.0067578009826039,685.0,False,True,False,False,,,,False,,,False,,False,,GALAXY,CONFIRMED_UNCATALOGED,Cross-matched against SIMBAD (5 arcsec radius): No match | Cross-matched against NED (5 arcsec radius): No match | SDSS DR19 photometric object: Confirmed | SDSS spectroscopic observation: None | Combined anomaly rank: 685.0 | Method A anomaly: False | Method B anomaly: True
12376400000000002817,110.8019470680786,31.837006426138075,07:23:12.47,+31:50:13.22,0.2024525534400968,-0.0792510970869704,693.5,False,True,False,False,,,,False,,,False,,False,,GALAXY,CONFIRMED_UNCATALOGED,Cross-matched against SIMBAD (5 arcsec radius): No match | Cross-matched against NED (5 arcsec radius): No match | SDSS DR19 photometric object: Confirmed | SDSS spectroscopic observation: None | Combined anomaly rank: 693.5 | Method A anomaly: False | Method B anomaly: True
12376400000000004221,205.81594972400583,29.029669931397407,13:43:15.83,+29:01:46.81,-0.0494215032106963,0.192000851590561,941.5,True,False,False,False,,,,False,,,False,,False,,GALAXY,CONFIRMED_UNCATALOGED,Cross-matched against SIMBAD (5 arcsec radius): No match | Cross-matched against NED (5 arcsec radius): No match | SDSS DR19 photometric object: Confirmed | SDSS spectroscopic observation: None | Combined anomaly rank: 941.5 | Method A anomaly: True | Method B anomaly: False
12376400000000003713,117.37432719018835,26.24486467882793,07:49:29.84,+26:14:41.51,0.248015613035445,-0.0075780990260003,1679.5,False,True,False,False,,,,False,,,False,,False,,GALAXY,CONFIRMED_UNCATALOGED,Cross-matched against SIMBAD (5 arcsec radius): No match | Cross-matched against NED (5 arcsec radius): No match | SDSS DR19 photometric object: Confirmed | SDSS spectroscopic observation: None | Combined anomaly rank: 1679.5 | Method A anomaly: False | Method B anomaly: True
12376400000000000990,353.01920297330514,-3.0109418228828133,23:32:04.61,-03:00:39.39,0.2586408117061185,-0.0061342048929831,2157.5,False,True,False,False,,,,False,,,False,,False,,GALAXY,CONFIRMED_UNCATALOGED,Cross-matched against SIMBAD (5 arcsec radius): No match | Cross-matched against NED (5 arcsec radius): No match | SDSS DR19 photometric object: Confirmed | SDSS spectroscopic observation: None | Combined anomaly rank: 2157.5 | Method A anomaly: False | Method B anomaly: True
